,Sub,Run,TR,time,eachTime,imageTime
0,pilot_sub001,1,2,5.412000973592512e-06,0.05,carchair_exp_feedback/bedTable_2_5.png
1,pilot_sub001,1,2,0.051919555000495166,0.05,carchair_exp_feedback/bedTable_3_5.png
2,pilot_sub001,1,2,0.10289577299954544,0.05,carchair_exp_feedback/bedTable_4_5.png
3,pilot_sub001,1,2,0.1506271950001974,0.05,carchair_exp_feedback/bedTable_4_5.png
4,pilot_sub001,1,2,0.2011552420008229,0.05,carchair_exp_feedback/bedTable_5_5.png
5,pilot_sub001,1,2,0.2508325580001838,0.05,carchair_exp_feedback/bedTable_6_5.png
6,pilot_sub001,1,2,0.3008843940006045,0.05,carchair_exp_feedback/bedTable_7_5.png
7,pilot_sub001,1,2,0.35080462000041734,0.05,carchair_exp_feedback/bedTable_8_5.png
8,pilot_sub001,1,2,0.4013591080001788,0.05,carchair_exp_feedback/bedTable_9_5.png
9,pilot_sub001,1,2,0.4508221060004871,0.05,carchair_exp_feedback/bedTable_10_5.png
10,pilot_sub001,1,2,0.500632258999758,0.05,carchair_exp_feedback/bedTable_9_5.png
11,pilot_sub001,1,2,0.5511230930005695,0.05,carchair_exp_feedback/bedTable_8_5.png
12,pilot_sub001,1,2,0.6006395090007572,0.05,carchair_exp_feedback/bedTable_7_5.png
13,pilot_sub001,1,2,0.6510469410004589,0.05,carchair_exp_feedback/bedTable_6_5.png
14,pilot_sub001,1,2,0.7012301550003031,0.05,carchair_exp_feedback/bedTable_6_5.png
15,pilot_sub001,1,2,0.7515517899992119,0.05,carchair_exp_feedback/bedTable_5_5.png
16,pilot_sub001,1,2,0.8005693249997421,0.05,carchair_exp_feedback/bedTable_4_5.png
17,pilot_sub001,1,2,0.8524041759992542,0.05,carchair_exp_feedback/bedTable_3_5.png
18,pilot_sub001,1,2,0.9014800139993895,0.05,carchair_exp_feedback/bedTable_2_5.png
19,pilot_sub001,1,2,0.9519499519992678,0.05,carchair_exp_feedback/bedTable_1_5.png
20,pilot_sub001,1,2,1.0016417799997726,0.05,carchair_exp_feedback/benchBed_98_5.png
21,pilot_sub001,1,2,1.051832369999829,0.05,carchair_exp_feedback/benchBed_97_5.png
22,pilot_sub001,1,2,1.1022885710008268,0.05,carchair_exp_feedback/benchBed_96_5.png
23,pilot_sub001,1,2,1.152562704999582,0.05,carchair_exp_feedback/benchBed_96_5.png
24,pilot_sub001,1,2,1.2013865900007659,0.05,carchair_exp_feedback/benchBed_95_5.png
25,pilot_sub001,1,2,1.2518909400005214,0.05,carchair_exp_feedback/benchBed_94_5.png
26,pilot_sub001,1,2,1.3014551649994246,0.05,carchair_exp_feedback/benchBed_93_5.png
27,pilot_sub001,1,2,1.351677959000881,0.05,carchair_exp_feedback/benchBed_92_5.png
28,pilot_sub001,1,2,1.402526410000064,0.05,carchair_exp_feedback/benchBed_91_5.png
29,pilot_sub001,1,2,1.452030286000081,0.05,carchair_exp_feedback/benchBed_90_5.png
30,pilot_sub001,1,2,1.5018772750008793,0.05,carchair_exp_feedback/benchBed_91_5.png
31,pilot_sub001,1,2,1.5518383189992164,0.05,carchair_exp_feedback/benchBed_92_5.png
32,pilot_sub001,1,2,1.602458604000276,0.05,carchair_exp_feedback/benchBed_93_5.png
33,pilot_sub001,1,2,1.6521641170002113,0.05,carchair_exp_feedback/benchBed_94_5.png
34,pilot_sub001,1,2,1.70205863999945,0.05,carchair_exp_feedback/benchBed_94_5.png
35,pilot_sub001,1,2,1.7520919870003127,0.05,carchair_exp_feedback/benchBed_95_5.png
36,pilot_sub001,1,2,1.8018238410004415,0.05,carchair_exp_feedback/benchBed_96_5.png
37,pilot_sub001,1,2,1.851786806999371,0.05,carchair_exp_feedback/benchBed_97_5.png
38,pilot_sub001,1,2,1.901534423999692,0.05,carchair_exp_feedback/benchBed_98_5.png
39,pilot_sub001,1,2,1.9533857189999253,0.05,carchair_exp_feedback/benchBed_99_5.png
40,pilot_sub001,1,3,5.45900002180133e-06,0.05,carchair_exp_feedback/bedTable_1_5.png
41,pilot_sub001,1,3,0.06230598899855977,0.05,carchair_exp_feedback/bedTable_2_5.png
42,pilot_sub001,1,3,0.11217541099904338,0.05,carchair_exp_feedback/bedTable_3_5.png
43,pilot_sub001,1,3,0.1616793389985105,0.05,carchair_exp_feedback/bedTable_3_5.png
44,pilot_sub001,1,3,0.2131397269986337,0.05,carchair_exp_feedback/bedTable_4_5.png
45,pilot_sub001,1,3,0.26134149299832643,0.05,carchair_exp_feedback/bedTable_5_5.png
46,pilot_sub001,1,3,0.3113672409999708,0.05,carchair_exp_feedback/bedTable_5_5.png
47,pilot_sub001,1,3,0.3617244999986724,0.05,carchair_exp_feedback/bedTable_6_5.png
48,pilot_sub001,1,3,0.41213752099974954,0.05,carchair_exp_feedback/bedTable_6_5.png
49,pilot_sub001,1,3,0.4616150089987059,0.05,carchair_exp_feedback/bedTable_7_5.png
50,pilot_sub001,1,3,0.5131446219984355,0.05,carchair_exp_feedback/bedTable_7_5.png
51,pilot_sub001,1,3,0.561739000999296,0.05,carchair_exp_feedback/bedTable_6_5.png
52,pilot_sub001,1,3,0.6130724859995098,0.05,carchair_exp_feedback/bedTable_5_5.png
53,pilot_sub001,1,3,0.6618091799991817,0.05,carchair_exp_feedback/bedTable_5_5.png
54,pilot_sub001,1,3,0.7117853029994876,0.05,carchair_exp_feedback/bedTable_4_5.png
55,pilot_sub001,1,3,0.7620129839997389,0.05,carchair_exp_feedback/bedTable_4_5.png
56,pilot_sub001,1,3,0.8118928899984894,0.05,carchair_exp_feedback/bedTable_3_5.png
57,pilot_sub001,1,3,0.8620677439994324,0.05,carchair_exp_feedback/bedTable_2_5.png
58,pilot_sub001,1,3,0.9118529619991023,0.05,carchair_exp_feedback/bedTable_2_5.png
59,pilot_sub001,1,3,0.9620044079983927,0.05,carchair_exp_feedback/bedTable_1_5.png
60,pilot_sub001,1,3,1.0119678979990567,0.05,carchair_exp_feedback/benchBed_99_5.png
61,pilot_sub001,1,3,1.0627465909983584,0.05,carchair_exp_feedback/benchBed_98_5.png
62,pilot_sub001,1,3,1.1122563509998145,0.05,carchair_exp_feedback/benchBed_97_5.png
63,pilot_sub001,1,3,1.162307933998818,0.05,carchair_exp_feedback/benchBed_97_5.png
64,pilot_sub001,1,3,1.2121050959995046,0.05,carchair_exp_feedback/benchBed_96_5.png
65,pilot_sub001,1,3,1.2626291509986913,0.05,carchair_exp_feedback/benchBed_95_5.png
66,pilot_sub001,1,3,1.3125954269999056,0.05,carchair_exp_feedback/benchBed_95_5.png
67,pilot_sub001,1,3,1.3619263119999232,0.05,carchair_exp_feedback/benchBed_94_5.png
68,pilot_sub001,1,3,1.4133534619995771,0.05,carchair_exp_feedback/benchBed_94_5.png
69,pilot_sub001,1,3,1.4622529719999875,0.05,carchair_exp_feedback/benchBed_93_5.png
70,pilot_sub001,1,3,1.5124183789994277,0.05,carchair_exp_feedback/benchBed_93_5.png
71,pilot_sub001,1,3,1.562581408999904,0.05,carchair_exp_feedback/benchBed_94_5.png
72,pilot_sub001,1,3,1.6122089209984551,0.05,carchair_exp_feedback/benchBed_95_5.png
73,pilot_sub001,1,3,1.6622637989985378,0.05,carchair_exp_feedback/benchBed_95_5.png
74,pilot_sub001,1,3,1.7117920479995519,0.05,carchair_exp_feedback/benchBed_96_5.png
75,pilot_sub001,1,3,1.7623597189995053,0.05,carchair_exp_feedback/benchBed_96_5.png
76,pilot_sub001,1,3,1.8126788969984773,0.05,carchair_exp_feedback/benchBed_97_5.png
77,pilot_sub001,1,3,1.8637420449995261,0.05,carchair_exp_feedback/benchBed_98_5.png
78,pilot_sub001,1,3,1.9122251689987024,0.05,carchair_exp_feedback/benchBed_98_5.png
79,pilot_sub001,1,4,5.759000487159938e-06,0.05,carchair_exp_feedback/bedTable_4_5.png
80,pilot_sub001,1,4,0.05447845500020776,0.05,carchair_exp_feedback/bedTable_8_5.png
81,pilot_sub001,1,4,0.1081848700014234,0.05,carchair_exp_feedback/bedTable_12_5.png
82,pilot_sub001,1,4,0.15442995900048118,0.05,carchair_exp_feedback/bedTable_17_5.png
83,pilot_sub001,1,4,0.20833857900106523,0.05,carchair_exp_feedback/bedTable_21_5.png
84,pilot_sub001,1,4,0.25398659400161705,0.05,carchair_exp_feedback/bedTable_26_5.png
85,pilot_sub001,1,4,0.307044509001571,0.05,carchair_exp_feedback/bedTable_30_5.png
86,pilot_sub001,1,4,0.35451502600153617,0.05,carchair_exp_feedback/bedTable_34_5.png
87,pilot_sub001,1,4,0.4084191730016755,0.05,carchair_exp_feedback/bedTable_39_5.png
88,pilot_sub001,1,4,0.4544949050014111,0.05,carchair_exp_feedback/bedTable_43_5.png
89,pilot_sub001,1,4,0.5082193550006195,0.05,carchair_exp_feedback/bedTable_40_5.png
90,pilot_sub001,1,4,0.554664319000949,0.05,carchair_exp_feedback/bedTable_35_5.png
91,pilot_sub001,1,4,0.6084792530000414,0.05,carchair_exp_feedback/bedTable_31_5.png
92,pilot_sub001,1,4,0.6538164850007888,0.05,carchair_exp_feedback/bedTable_26_5.png
93,pilot_sub001,1,4,0.707354567000948,0.05,carchair_exp_feedback/bedTable_22_5.png
94,pilot_sub001,1,4,0.7613661060004233,0.05,carchair_exp_feedback/bedTable_19_5.png
95,pilot_sub001,1,4,0.8045679930000915,0.05,carchair_exp_feedback/bedTable_14_5.png
96,pilot_sub001,1,4,0.8589469990001817,0.05,carchair_exp_feedback/bedTable_10_5.png
97,pilot_sub001,1,4,0.9048217080016911,0.05,carchair_exp_feedback/bedTable_5_5.png
98,pilot_sub001,1,4,0.95974930400007,0.05,carchair_exp_feedback/bedTable_1_5.png
99,pilot_sub001,1,4,1.0050039400011883,0.05,carchair_exp_feedback/benchBed_96_5.png
100,pilot_sub001,1,4,1.058416739000677,0.05,carchair_exp_feedback/benchBed_92_5.png
101,pilot_sub001,1,4,1.1056306280006538,0.05,carchair_exp_feedback/benchBed_88_5.png
102,pilot_sub001,1,4,1.159596681000039,0.05,carchair_exp_feedback/benchBed_83_5.png
103,pilot_sub001,1,4,1.2048905910014582,0.05,carchair_exp_feedback/benchBed_79_5.png
104,pilot_sub001,1,4,1.2585991420000937,0.05,carchair_exp_feedback/benchBed_74_5.png
105,pilot_sub001,1,4,1.3050379980013531,0.05,carchair_exp_feedback/benchBed_70_5.png
106,pilot_sub001,1,4,1.3581586180007434,0.05,carchair_exp_feedback/benchBed_66_5.png
107,pilot_sub001,1,4,1.4063794320009038,0.05,carchair_exp_feedback/benchBed_61_5.png
108,pilot_sub001,1,4,1.459630384000775,0.05,carchair_exp_feedback/benchBed_57_5.png
109,pilot_sub001,1,4,1.5046200250017137,0.05,carchair_exp_feedback/benchBed_60_5.png
110,pilot_sub001,1,4,1.5581448280008772,0.05,carchair_exp_feedback/benchBed_65_5.png
111,pilot_sub001,1,4,1.612056415000552,0.05,carchair_exp_feedback/benchBed_69_5.png
112,pilot_sub001,1,4,1.6548732500014012,0.05,carchair_exp_feedback/benchBed_74_5.png
113,pilot_sub001,1,4,1.7112379140016856,0.05,carchair_exp_feedback/benchBed_78_5.png
114,pilot_sub001,1,4,1.7553138530001888,0.05,carchair_exp_feedback/benchBed_81_5.png
115,pilot_sub001,1,4,1.809175853000852,0.05,carchair_exp_feedback/benchBed_86_5.png
116,pilot_sub001,1,4,1.8553346560001955,0.05,carchair_exp_feedback/benchBed_90_5.png
117,pilot_sub001,1,4,1.9107633100011299,0.05,carchair_exp_feedback/benchBed_95_5.png
118,pilot_sub001,1,4,1.9553327210014686,0.05,carchair_exp_feedback/benchBed_99_5.png
119,pilot_sub001,1,5,6.549000318045728e-06,0.05,carchair_exp_feedback/bedTable_3_5.png
120,pilot_sub001,1,5,0.0595636870002636,0.05,carchair_exp_feedback/bedTable_7_5.png
121,pilot_sub001,1,5,0.10610835199986468,0.05,carchair_exp_feedback/bedTable_11_5.png
122,pilot_sub001,1,5,0.15761013100018317,0.05,carchair_exp_feedback/bedTable_15_5.png
123,pilot_sub001,1,5,0.20598698899993906,0.05,carchair_exp_feedback/bedTable_18_5.png
124,pilot_sub001,1,5,0.25619661299970176,0.05,carchair_exp_feedback/bedTable_22_5.png
125,pilot_sub001,1,5,0.3094949980004458,0.05,carchair_exp_feedback/bedTable_26_5.png
126,pilot_sub001,1,5,0.3561350109994237,0.05,carchair_exp_feedback/bedTable_30_5.png
127,pilot_sub001,1,5,0.4069858919992839,0.05,carchair_exp_feedback/bedTable_33_5.png
128,pilot_sub001,1,5,0.4569697200004157,0.05,carchair_exp_feedback/bedTable_37_5.png
129,pilot_sub001,1,5,0.5060708170003636,0.05,carchair_exp_feedback/bedTable_34_5.png
130,pilot_sub001,1,5,0.5657661829991412,0.05,carchair_exp_feedback/bedTable_30_5.png
131,pilot_sub001,1,5,0.6071059679998143,0.05,carchair_exp_feedback/bedTable_27_5.png
132,pilot_sub001,1,5,0.6717623059994366,0.05,carchair_exp_feedback/bedTable_23_5.png
133,pilot_sub001,1,5,0.7129607610004314,0.05,carchair_exp_feedback/bedTable_19_5.png
134,pilot_sub001,1,5,0.7567647359992407,0.05,carchair_exp_feedback/bedTable_16_5.png
135,pilot_sub001,1,5,0.8163725459999114,0.05,carchair_exp_feedback/bedTable_12_5.png
136,pilot_sub001,1,5,0.8570565400004853,0.05,carchair_exp_feedback/bedTable_9_5.png
137,pilot_sub001,1,5,0.9163350260005245,0.05,carchair_exp_feedback/bedTable_5_5.png
138,pilot_sub001,1,5,0.9575214689994027,0.05,carchair_exp_feedback/bedTable_1_5.png
139,pilot_sub001,1,5,1.0063111660001596,0.05,carchair_exp_feedback/benchBed_97_5.png
140,pilot_sub001,1,5,1.0679058820005594,0.05,carchair_exp_feedback/benchBed_93_5.png
141,pilot_sub001,1,5,1.1089831980007148,0.05,carchair_exp_feedback/benchBed_89_5.png
142,pilot_sub001,1,5,1.1568197479991795,0.05,carchair_exp_feedback/benchBed_85_5.png
143,pilot_sub001,1,5,1.2180328459999146,0.05,carchair_exp_feedback/benchBed_82_5.png
144,pilot_sub001,1,5,1.2611978410004667,0.05,carchair_exp_feedback/benchBed_78_5.png
145,pilot_sub001,1,5,1.306593511999381,0.05,carchair_exp_feedback/benchBed_74_5.png
146,pilot_sub001,1,5,1.3659242300000187,0.05,carchair_exp_feedback/benchBed_70_5.png
147,pilot_sub001,1,5,1.4072595990000991,0.05,carchair_exp_feedback/benchBed_67_5.png
148,pilot_sub001,1,5,1.4723457029995188,0.05,carchair_exp_feedback/benchBed_63_5.png
149,pilot_sub001,1,5,1.5137933700007125,0.05,carchair_exp_feedback/benchBed_66_5.png
150,pilot_sub001,1,5,1.5567485770006897,0.05,carchair_exp_feedback/benchBed_70_5.png
151,pilot_sub001,1,5,1.6163676590003888,0.05,carchair_exp_feedback/benchBed_73_5.png
152,pilot_sub001,1,5,1.657939331000307,0.05,carchair_exp_feedback/benchBed_77_5.png
153,pilot_sub001,1,5,1.7069800219996978,0.05,carchair_exp_feedback/benchBed_81_5.png
154,pilot_sub001,1,5,1.7666532830007782,0.05,carchair_exp_feedback/benchBed_84_5.png
155,pilot_sub001,1,5,1.8076645820001431,0.05,carchair_exp_feedback/benchBed_88_5.png
156,pilot_sub001,1,5,1.8721086690002267,0.05,carchair_exp_feedback/benchBed_91_5.png
157,pilot_sub001,1,5,1.9133867920008925,0.05,carchair_exp_feedback/benchBed_95_5.png
158,pilot_sub001,1,5,1.9570535580005526,0.05,carchair_exp_feedback/benchBed_99_5.png
159,pilot_sub001,1,6,5.670999598805793e-06,0.05,carchair_exp_feedback/bedTable_2_5.png
160,pilot_sub001,1,6,0.07270764299937582,0.05,carchair_exp_feedback/bedTable_3_5.png
161,pilot_sub001,1,6,0.10629025799971714,0.05,carchair_exp_feedback/bedTable_4_5.png
162,pilot_sub001,1,6,0.15997634599989397,0.05,carchair_exp_feedback/bedTable_6_5.png
163,pilot_sub001,1,6,0.2084727910005313,0.05,carchair_exp_feedback/bedTable_7_5.png
164,pilot_sub001,1,6,0.2579995809992397,0.05,carchair_exp_feedback/bedTable_8_5.png
165,pilot_sub001,1,6,0.3087801519995992,0.05,carchair_exp_feedback/bedTable_9_5.png
166,pilot_sub001,1,6,0.3589151539999875,0.05,carchair_exp_feedback/bedTable_11_5.png
167,pilot_sub001,1,6,0.40941032499904395,0.05,carchair_exp_feedback/bedTable_12_5.png
168,pilot_sub001,1,6,0.45844627800033777,0.05,carchair_exp_feedback/bedTable_13_5.png
169,pilot_sub001,1,6,0.5109492360006698,0.05,carchair_exp_feedback/bedTable_12_5.png
170,pilot_sub001,1,6,0.5624758279991511,0.05,carchair_exp_feedback/bedTable_11_5.png
171,pilot_sub001,1,6,0.6131694729992887,0.05,carchair_exp_feedback/bedTable_10_5.png
172,pilot_sub001,1,6,0.6640601140006765,0.05,carchair_exp_feedback/bedTable_8_5.png
173,pilot_sub001,1,6,0.7146966950003844,0.05,carchair_exp_feedback/bedTable_7_5.png
174,pilot_sub001,1,6,0.7653647089991864,0.05,carchair_exp_feedback/bedTable_6_5.png
175,pilot_sub001,1,6,0.8158241370001633,0.05,carchair_exp_feedback/bedTable_5_5.png
176,pilot_sub001,1,6,0.8567348630003835,0.05,carchair_exp_feedback/bedTable_4_5.png
177,pilot_sub001,1,6,0.9110426009992807,0.05,carchair_exp_feedback/bedTable_2_5.png
178,pilot_sub001,1,6,0.9622976949995063,0.05,carchair_exp_feedback/bedTable_1_5.png
179,pilot_sub001,1,6,1.0140171339990047,0.05,carchair_exp_feedback/benchBed_98_5.png
180,pilot_sub001,1,6,1.0601169820001815,0.05,carchair_exp_feedback/benchBed_97_5.png
181,pilot_sub001,1,6,1.109916522000276,0.05,carchair_exp_feedback/benchBed_96_5.png
182,pilot_sub001,1,6,1.1591383769991808,0.05,carchair_exp_feedback/benchBed_94_5.png
183,pilot_sub001,1,6,1.2096480000000156,0.05,carchair_exp_feedback/benchBed_93_5.png
184,pilot_sub001,1,6,1.259077487000468,0.05,carchair_exp_feedback/benchBed_92_5.png
185,pilot_sub001,1,6,1.3092438200001197,0.05,carchair_exp_feedback/benchBed_91_5.png
186,pilot_sub001,1,6,1.3593435820002924,0.05,carchair_exp_feedback/benchBed_89_5.png
187,pilot_sub001,1,6,1.4106387749998248,0.05,carchair_exp_feedback/benchBed_88_5.png
188,pilot_sub001,1,6,1.4595321910001076,0.05,carchair_exp_feedback/benchBed_87_5.png
189,pilot_sub001,1,6,1.5103615139996691,0.05,carchair_exp_feedback/benchBed_88_5.png
190,pilot_sub001,1,6,1.558748800000103,0.05,carchair_exp_feedback/benchBed_89_5.png
191,pilot_sub001,1,6,1.6094335840007261,0.05,carchair_exp_feedback/benchBed_90_5.png
192,pilot_sub001,1,6,1.6614213949997065,0.05,carchair_exp_feedback/benchBed_92_5.png
193,pilot_sub001,1,6,1.7143032349995337,0.05,carchair_exp_feedback/benchBed_93_5.png
194,pilot_sub001,1,6,1.7656749409998156,0.05,carchair_exp_feedback/benchBed_94_5.png
195,pilot_sub001,1,6,1.8070634769992466,0.05,carchair_exp_feedback/benchBed_95_5.png
196,pilot_sub001,1,6,1.8586334079991502,0.05,carchair_exp_feedback/benchBed_96_5.png
197,pilot_sub001,1,6,1.9088236169991433,0.05,carchair_exp_feedback/benchBed_98_5.png
198,pilot_sub001,1,6,1.9599088769991795,0.05,carchair_exp_feedback/benchBed_99_5.png
199,pilot_sub001,1,9,5.7729994296096265e-06,0.05,carchair_exp_feedback/bedTable_3_5.png
200,pilot_sub001,1,9,0.07100005000029341,0.05,carchair_exp_feedback/bedTable_6_5.png
201,pilot_sub001,1,9,0.10883683199972438,0.05,carchair_exp_feedback/bedTable_9_5.png
202,pilot_sub001,1,9,0.16288807300043118,0.05,carchair_exp_feedback/bedTable_12_5.png
203,pilot_sub001,1,9,0.21453231800114736,0.05,carchair_exp_feedback/bedTable_15_5.png
204,pilot_sub001,1,9,0.2639620110003307,0.05,carchair_exp_feedback/bedTable_19_5.png
205,pilot_sub001,1,9,0.31637513500027126,0.05,carchair_exp_feedback/bedTable_22_5.png
206,pilot_sub001,1,9,0.3696832160003396,0.05,carchair_exp_feedback/bedTable_25_5.png
207,pilot_sub001,1,9,0.40827865400024166,0.05,carchair_exp_feedback/bedTable_28_5.png
208,pilot_sub001,1,9,0.46380207000038354,0.05,carchair_exp_feedback/bedTable_31_5.png
209,pilot_sub001,1,9,0.5164266100000532,0.05,carchair_exp_feedback/bedTable_29_5.png
210,pilot_sub001,1,9,0.5661871180000162,0.05,carchair_exp_feedback/bedTable_25_5.png
211,pilot_sub001,1,9,0.6226253879995056,0.05,carchair_exp_feedback/bedTable_22_5.png
212,pilot_sub001,1,9,0.6590209799996956,0.05,carchair_exp_feedback/bedTable_19_5.png
213,pilot_sub001,1,9,0.7147266030005994,0.05,carchair_exp_feedback/bedTable_16_5.png
214,pilot_sub001,1,9,0.7690249549996224,0.05,carchair_exp_feedback/bedTable_14_5.png
215,pilot_sub001,1,9,0.8093698980010231,0.05,carchair_exp_feedback/bedTable_10_5.png
216,pilot_sub001,1,9,0.8647619639996265,0.05,carchair_exp_feedback/bedTable_7_5.png
217,pilot_sub001,1,9,0.9185487119993923,0.05,carchair_exp_feedback/bedTable_4_5.png
218,pilot_sub001,1,9,0.95947532900027,0.05,carchair_exp_feedback/bedTable_1_5.png
219,pilot_sub001,1,9,1.015754833999381,0.05,carchair_exp_feedback/benchBed_97_5.png
220,pilot_sub001,1,9,1.070321277000403,0.05,carchair_exp_feedback/benchBed_94_5.png
221,pilot_sub001,1,9,1.1096732830010296,0.05,carchair_exp_feedback/benchBed_91_5.png
222,pilot_sub001,1,9,1.1629252799993992,0.05,carchair_exp_feedback/benchBed_88_5.png
223,pilot_sub001,1,9,1.2133144780000293,0.05,carchair_exp_feedback/benchBed_85_5.png
224,pilot_sub001,1,9,1.264026520000698,0.05,carchair_exp_feedback/benchBed_81_5.png
225,pilot_sub001,1,9,1.313580396999896,0.05,carchair_exp_feedback/benchBed_78_5.png
226,pilot_sub001,1,9,1.3639494540002488,0.05,carchair_exp_feedback/benchBed_75_5.png
227,pilot_sub001,1,9,1.4134973130003345,0.05,carchair_exp_feedback/benchBed_72_5.png
228,pilot_sub001,1,9,1.4632608840001922,0.05,carchair_exp_feedback/benchBed_69_5.png
229,pilot_sub001,1,9,1.513953790999949,0.05,carchair_exp_feedback/benchBed_71_5.png
230,pilot_sub001,1,9,1.5636994810010947,0.05,carchair_exp_feedback/benchBed_75_5.png
231,pilot_sub001,1,9,1.6140067760006787,0.05,carchair_exp_feedback/benchBed_78_5.png
232,pilot_sub001,1,9,1.663431760000094,0.05,carchair_exp_feedback/benchBed_81_5.png
233,pilot_sub001,1,9,1.7156425490011316,0.05,carchair_exp_feedback/benchBed_84_5.png
234,pilot_sub001,1,9,1.7656354089995148,0.05,carchair_exp_feedback/benchBed_86_5.png
235,pilot_sub001,1,9,1.8145396060008352,0.05,carchair_exp_feedback/benchBed_90_5.png
236,pilot_sub001,1,9,1.8681331660009164,0.05,carchair_exp_feedback/benchBed_93_5.png
237,pilot_sub001,1,9,1.9178642130009393,0.05,carchair_exp_feedback/benchBed_96_5.png
238,pilot_sub001,1,9,1.9597808819999045,0.05,carchair_exp_feedback/benchBed_99_5.png
239,pilot_sub001,1,10,5.61500019102823e-06,0.05,carchair_exp_feedback/bedTable_1_5.png
240,pilot_sub001,1,10,0.05272395300016797,0.05,carchair_exp_feedback/bedTable_2_5.png
241,pilot_sub001,1,10,0.10916999300025054,0.05,carchair_exp_feedback/bedTable_2_5.png
242,pilot_sub001,1,10,0.16062581600090198,0.05,carchair_exp_feedback/bedTable_2_5.png
243,pilot_sub001,1,10,0.21199834300023213,0.05,carchair_exp_feedback/bedTable_2_5.png
244,pilot_sub001,1,10,0.26395627800047805,0.05,carchair_exp_feedback/bedTable_3_5.png
245,pilot_sub001,1,10,0.32030823700006295,0.05,carchair_exp_feedback/bedTable_3_5.png
246,pilot_sub001,1,10,0.37081907500032685,0.05,carchair_exp_feedback/bedTable_3_5.png
247,pilot_sub001,1,10,0.4207804390007368,0.05,carchair_exp_feedback/bedTable_4_5.png
248,pilot_sub001,1,10,0.46396080299928144,0.05,carchair_exp_feedback/bedTable_4_5.png
249,pilot_sub001,1,10,0.5143804220006132,0.05,carchair_exp_feedback/bedTable_4_5.png
250,pilot_sub001,1,10,0.5665337880000152,0.05,carchair_exp_feedback/bedTable_4_5.png
251,pilot_sub001,1,10,0.6183483910008363,0.05,carchair_exp_feedback/bedTable_3_5.png
252,pilot_sub001,1,10,0.6699437570005102,0.05,carchair_exp_feedback/bedTable_3_5.png
253,pilot_sub001,1,10,0.720247195000411,0.05,carchair_exp_feedback/bedTable_3_5.png
254,pilot_sub001,1,10,0.772368625001036,0.05,carchair_exp_feedback/bedTable_2_5.png
255,pilot_sub001,1,10,0.8139521810007864,0.05,carchair_exp_feedback/bedTable_2_5.png
256,pilot_sub001,1,10,0.8652705000004062,0.05,carchair_exp_feedback/bedTable_2_5.png
257,pilot_sub001,1,10,0.916680186001031,0.05,carchair_exp_feedback/bedTable_1_5.png
258,pilot_sub001,1,10,0.9717120839995914,0.05,carchair_exp_feedback/bedTable_1_5.png
259,pilot_sub001,1,10,1.0224602409998624,0.05,carchair_exp_feedback/benchBed_99_5.png
260,pilot_sub001,1,10,1.0645475670007727,0.05,carchair_exp_feedback/benchBed_98_5.png
261,pilot_sub001,1,10,1.1201768329992774,0.05,carchair_exp_feedback/benchBed_98_5.png
262,pilot_sub001,1,10,1.171450334999463,0.05,carchair_exp_feedback/benchBed_98_5.png
263,pilot_sub001,1,10,1.2219234610001877,0.05,carchair_exp_feedback/benchBed_98_5.png
264,pilot_sub001,1,10,1.273804229000234,0.05,carchair_exp_feedback/benchBed_97_5.png
265,pilot_sub001,1,10,1.3139301770006568,0.05,carchair_exp_feedback/benchBed_97_5.png
266,pilot_sub001,1,10,1.3642861059997813,0.05,carchair_exp_feedback/benchBed_97_5.png
267,pilot_sub001,1,10,1.415065548999337,0.05,carchair_exp_feedback/benchBed_96_5.png
268,pilot_sub001,1,10,1.4694192070001009,0.05,carchair_exp_feedback/benchBed_96_5.png
269,pilot_sub001,1,10,1.519882315000359,0.05,carchair_exp_feedback/benchBed_96_5.png
270,pilot_sub001,1,10,1.5698212130009779,0.05,carchair_exp_feedback/benchBed_96_5.png
271,pilot_sub001,1,10,1.620280893999734,0.05,carchair_exp_feedback/benchBed_97_5.png
272,pilot_sub001,1,10,1.6720077480003965,0.05,carchair_exp_feedback/benchBed_97_5.png
273,pilot_sub001,1,10,1.7000878790004208,0.05,carchair_exp_feedback/benchBed_97_5.png
274,pilot_sub001,1,10,1.7509635589995014,0.05,carchair_exp_feedback/benchBed_98_5.png
275,pilot_sub001,1,10,1.8052982200006227,0.05,carchair_exp_feedback/benchBed_98_5.png
276,pilot_sub001,1,10,1.856987189999927,0.05,carchair_exp_feedback/benchBed_98_5.png
277,pilot_sub001,1,10,1.9071570500000234,0.05,carchair_exp_feedback/benchBed_99_5.png
278,pilot_sub001,1,11,5.590000000665896e-06,0.05,carchair_exp_feedback/bedTable_4_5.png
279,pilot_sub001,1,11,0.0556792810002662,0.05,carchair_exp_feedback/bedTable_9_5.png
280,pilot_sub001,1,11,0.11164528600056656,0.05,carchair_exp_feedback/bedTable_13_5.png
281,pilot_sub001,1,11,0.16679652400125633,0.05,carchair_exp_feedback/bedTable_18_5.png
282,pilot_sub001,1,11,0.22183373300140374,0.05,carchair_exp_feedback/bedTable_23_5.png
283,pilot_sub001,1,11,0.25195936800082563,0.05,carchair_exp_feedback/bedTable_27_5.png
284,pilot_sub001,1,11,0.3074185750010656,0.05,carchair_exp_feedback/bedTable_32_5.png
285,pilot_sub001,1,11,0.36323039300077653,0.05,carchair_exp_feedback/bedTable_37_5.png
286,pilot_sub001,1,11,0.41877821600064635,0.05,carchair_exp_feedback/bedTable_41_5.png
287,pilot_sub001,1,11,0.4739150189998327,0.05,carchair_exp_feedback/bedTable_46_5.png
288,pilot_sub001,1,11,0.5040351010011364,0.05,carchair_exp_feedback/bedTable_42_5.png
289,pilot_sub001,1,11,0.5597631850014295,0.05,carchair_exp_feedback/bedTable_38_5.png
290,pilot_sub001,1,11,0.6150843670002359,0.05,carchair_exp_feedback/bedTable_33_5.png
291,pilot_sub001,1,11,0.6702578109998285,0.05,carchair_exp_feedback/bedTable_28_5.png
292,pilot_sub001,1,11,0.7032040510002844,0.05,carchair_exp_feedback/bedTable_24_5.png
293,pilot_sub001,1,11,0.7578660350009159,0.05,carchair_exp_feedback/bedTable_20_5.png
294,pilot_sub001,1,11,0.8135443970004417,0.05,carchair_exp_feedback/bedTable_15_5.png
295,pilot_sub001,1,11,0.8712505889998283,0.05,carchair_exp_feedback/bedTable_10_5.png
296,pilot_sub001,1,11,0.9013127190009982,0.05,carchair_exp_feedback/bedTable_6_5.png
297,pilot_sub001,1,11,0.9563824750002823,0.05,carchair_exp_feedback/bedTable_1_5.png
298,pilot_sub001,1,11,1.0116629760013893,0.05,carchair_exp_feedback/benchBed_96_5.png
299,pilot_sub001,1,11,1.0704468910007563,0.05,carchair_exp_feedback/benchBed_91_5.png
300,pilot_sub001,1,11,1.1008356109996384,0.05,carchair_exp_feedback/benchBed_87_5.png
301,pilot_sub001,1,11,1.1556526350013883,0.05,carchair_exp_feedback/benchBed_82_5.png
302,pilot_sub001,1,11,1.2105546910006524,0.05,carchair_exp_feedback/benchBed_77_5.png
303,pilot_sub001,1,11,1.2672862250001344,0.05,carchair_exp_feedback/benchBed_73_5.png
304,pilot_sub001,1,11,1.3220043800010899,0.05,carchair_exp_feedback/benchBed_68_5.png
305,pilot_sub001,1,11,1.352348720000009,0.05,carchair_exp_feedback/benchBed_63_5.png
306,pilot_sub001,1,11,1.4081400820014096,0.05,carchair_exp_feedback/benchBed_59_5.png
307,pilot_sub001,1,11,1.4630784600012703,0.05,carchair_exp_feedback/benchBed_54_5.png
308,pilot_sub001,1,11,1.5181896310004959,0.05,carchair_exp_feedback/benchBed_58_5.png
309,pilot_sub001,1,11,1.5739292510006635,0.05,carchair_exp_feedback/benchBed_62_5.png
310,pilot_sub001,1,11,1.6041234780004743,0.05,carchair_exp_feedback/benchBed_67_5.png
311,pilot_sub001,1,11,1.6603231640001468,0.05,carchair_exp_feedback/benchBed_72_5.png
312,pilot_sub001,1,11,1.7158505910010717,0.05,carchair_exp_feedback/benchBed_76_5.png
313,pilot_sub001,1,11,1.7710061870002392,0.05,carchair_exp_feedback/benchBed_80_5.png
314,pilot_sub001,1,11,1.8025978910009144,0.05,carchair_exp_feedback/benchBed_85_5.png
315,pilot_sub001,1,11,1.8577336630005448,0.05,carchair_exp_feedback/benchBed_90_5.png
316,pilot_sub001,1,11,1.9118806630012841,0.05,carchair_exp_feedback/benchBed_94_5.png
317,pilot_sub001,1,12,5.779000275651924e-06,0.05,carchair_exp_feedback/bedTable_4_5.png
318,pilot_sub001,1,12,0.05850928800100519,0.05,carchair_exp_feedback/bedTable_9_5.png
319,pilot_sub001,1,12,0.11786451700027101,0.05,carchair_exp_feedback/bedTable_13_5.png
320,pilot_sub001,1,12,0.17607282500102883,0.05,carchair_exp_feedback/bedTable_18_5.png
321,pilot_sub001,1,12,0.2086223210008029,0.05,carchair_exp_feedback/bedTable_23_5.png
322,pilot_sub001,1,12,0.26678076300049725,0.05,carchair_exp_feedback/bedTable_27_5.png
323,pilot_sub001,1,12,0.32538584800022363,0.05,carchair_exp_feedback/bedTable_32_5.png
324,pilot_sub001,1,12,0.358100650999404,0.05,carchair_exp_feedback/bedTable_37_5.png
325,pilot_sub001,1,12,0.41651476900005946,0.05,carchair_exp_feedback/bedTable_41_5.png
326,pilot_sub001,1,12,0.4754964630010363,0.05,carchair_exp_feedback/bedTable_46_5.png
327,pilot_sub001,1,12,0.5071423860008508,0.05,carchair_exp_feedback/bedTable_42_5.png
328,pilot_sub001,1,12,0.5655186630010576,0.05,carchair_exp_feedback/bedTable_38_5.png
329,pilot_sub001,1,12,0.6231621330007329,0.05,carchair_exp_feedback/bedTable_33_5.png
330,pilot_sub001,1,12,0.6552839859996311,0.05,carchair_exp_feedback/bedTable_28_5.png
331,pilot_sub001,1,12,0.7147141340010421,0.05,carchair_exp_feedback/bedTable_24_5.png
332,pilot_sub001,1,12,0.753145107999444,0.05,carchair_exp_feedback/bedTable_20_5.png
333,pilot_sub001,1,12,0.8209460970010696,0.05,carchair_exp_feedback/bedTable_15_5.png
334,pilot_sub001,1,12,0.8603999599999952,0.05,carchair_exp_feedback/bedTable_10_5.png
335,pilot_sub001,1,12,0.9239658749993396,0.05,carchair_exp_feedback/bedTable_6_5.png
336,pilot_sub001,1,12,0.9571459489998233,0.05,carchair_exp_feedback/bedTable_1_5.png
337,pilot_sub001,1,12,1.0187807660004182,0.05,carchair_exp_feedback/benchBed_96_5.png
338,pilot_sub001,1,12,1.0539605579997442,0.05,carchair_exp_feedback/benchBed_91_5.png
339,pilot_sub001,1,12,1.1154432280000037,0.05,carchair_exp_feedback/benchBed_87_5.png
340,pilot_sub001,1,12,1.1754757849994348,0.05,carchair_exp_feedback/benchBed_82_5.png
341,pilot_sub001,1,12,1.207469917000708,0.05,carchair_exp_feedback/benchBed_77_5.png
342,pilot_sub001,1,12,1.2688951090003684,0.05,carchair_exp_feedback/benchBed_73_5.png
343,pilot_sub001,1,12,1.3010184890008532,0.05,carchair_exp_feedback/benchBed_68_5.png
344,pilot_sub001,1,12,1.3603891410002689,0.05,carchair_exp_feedback/benchBed_63_5.png
345,pilot_sub001,1,12,1.4179848740004672,0.05,carchair_exp_feedback/benchBed_59_5.png
346,pilot_sub001,1,12,1.4757105419994332,0.05,carchair_exp_feedback/benchBed_54_5.png
347,pilot_sub001,1,12,1.5070576970010734,0.05,carchair_exp_feedback/benchBed_58_5.png
348,pilot_sub001,1,12,1.5663214010000956,0.05,carchair_exp_feedback/benchBed_62_5.png
349,pilot_sub001,1,12,1.6241052149998723,0.05,carchair_exp_feedback/benchBed_67_5.png
350,pilot_sub001,1,12,1.6553826489998755,0.05,carchair_exp_feedback/benchBed_72_5.png
351,pilot_sub001,1,12,1.7134780310007045,0.05,carchair_exp_feedback/benchBed_76_5.png
352,pilot_sub001,1,12,1.7710617989996535,0.05,carchair_exp_feedback/benchBed_80_5.png
353,pilot_sub001,1,12,1.8020875229995,0.05,carchair_exp_feedback/benchBed_85_5.png
354,pilot_sub001,1,12,1.8617205869995814,0.05,carchair_exp_feedback/benchBed_90_5.png
355,pilot_sub001,1,12,1.919506526000987,0.05,carchair_exp_feedback/benchBed_94_5.png
356,pilot_sub001,1,12,1.9738524630010943,0.05,carchair_exp_feedback/benchBed_99_5.png
357,pilot_sub001,1,13,6.03199987381231e-06,0.05,carchair_exp_feedback/bedTable_1_5.png
358,pilot_sub001,1,13,0.06000400799894123,0.05,carchair_exp_feedback/bedTable_2_5.png
359,pilot_sub001,1,13,0.11933592800050974,0.05,carchair_exp_feedback/bedTable_3_5.png
360,pilot_sub001,1,13,0.15218050799921912,0.05,carchair_exp_feedback/bedTable_3_5.png
361,pilot_sub001,1,13,0.2152540200004296,0.05,carchair_exp_feedback/bedTable_4_5.png
362,pilot_sub001,1,13,0.25003036499947484,0.05,carchair_exp_feedback/bedTable_5_5.png
363,pilot_sub001,1,13,0.31355094199898303,0.05,carchair_exp_feedback/bedTable_5_5.png
364,pilot_sub001,1,13,0.37067085499984387,0.05,carchair_exp_feedback/bedTable_6_5.png
365,pilot_sub001,1,13,0.4025504979999823,0.05,carchair_exp_feedback/bedTable_6_5.png
366,pilot_sub001,1,13,0.45989889900010894,0.05,carchair_exp_feedback/bedTable_7_5.png
367,pilot_sub001,1,13,0.517246196999622,0.05,carchair_exp_feedback/bedTable_7_5.png
368,pilot_sub001,1,13,0.5757583909999084,0.05,carchair_exp_feedback/bedTable_6_5.png
369,pilot_sub001,1,13,0.6078030839998974,0.05,carchair_exp_feedback/bedTable_5_5.png
370,pilot_sub001,1,13,0.6666538690005837,0.05,carchair_exp_feedback/bedTable_5_5.png
371,pilot_sub001,1,13,0.7238743079997221,0.05,carchair_exp_feedback/bedTable_4_5.png
372,pilot_sub001,1,13,0.7554628090001643,0.05,carchair_exp_feedback/bedTable_4_5.png
373,pilot_sub001,1,13,0.8144069139998464,0.05,carchair_exp_feedback/bedTable_3_5.png
374,pilot_sub001,1,13,0.8728682059991115,0.05,carchair_exp_feedback/bedTable_2_5.png
375,pilot_sub001,1,13,0.9051382210000156,0.05,carchair_exp_feedback/bedTable_2_5.png
376,pilot_sub001,1,13,0.9635928200004855,0.05,carchair_exp_feedback/bedTable_1_5.png
377,pilot_sub001,1,13,1.0216163650002272,0.05,carchair_exp_feedback/benchBed_99_5.png
378,pilot_sub001,1,13,1.054749382999944,0.05,carchair_exp_feedback/benchBed_98_5.png
379,pilot_sub001,1,13,1.1142623479991016,0.05,carchair_exp_feedback/benchBed_97_5.png
380,pilot_sub001,1,13,1.1730000899988227,0.05,carchair_exp_feedback/benchBed_97_5.png
381,pilot_sub001,1,13,1.2049683080003888,0.05,carchair_exp_feedback/benchBed_96_5.png
382,pilot_sub001,1,13,1.2631582859994523,0.05,carchair_exp_feedback/benchBed_95_5.png
383,pilot_sub001,1,13,1.3216249580000294,0.05,carchair_exp_feedback/benchBed_95_5.png
384,pilot_sub001,1,13,1.3539671999988059,0.05,carchair_exp_feedback/benchBed_94_5.png
385,pilot_sub001,1,13,1.4124683909994928,0.05,carchair_exp_feedback/benchBed_94_5.png
386,pilot_sub001,1,13,1.4700084989999596,0.05,carchair_exp_feedback/benchBed_93_5.png
387,pilot_sub001,1,13,1.5029613289989356,0.05,carchair_exp_feedback/benchBed_93_5.png
388,pilot_sub001,1,13,1.570225647999905,0.05,carchair_exp_feedback/benchBed_94_5.png
389,pilot_sub001,1,13,1.604092858000513,0.05,carchair_exp_feedback/benchBed_95_5.png
390,pilot_sub001,1,13,1.6655814989990176,0.05,carchair_exp_feedback/benchBed_95_5.png
391,pilot_sub001,1,13,1.700453049999851,0.05,carchair_exp_feedback/benchBed_96_5.png
392,pilot_sub001,1,13,1.758805665998807,0.05,carchair_exp_feedback/benchBed_96_5.png
393,pilot_sub001,1,13,1.8175540960000944,0.05,carchair_exp_feedback/benchBed_97_5.png
394,pilot_sub001,1,13,1.8501355730004434,0.05,carchair_exp_feedback/benchBed_98_5.png
395,pilot_sub001,1,13,1.905113271999653,0.05,carchair_exp_feedback/benchBed_98_5.png
396,pilot_sub001,1,16,5.472998964251019e-06,0.05,carchair_exp_feedback/bedTable_5_5.png
397,pilot_sub001,1,16,0.058278659998904914,0.05,carchair_exp_feedback/bedTable_11_5.png
398,pilot_sub001,1,16,0.1176705679990846,0.05,carchair_exp_feedback/bedTable_16_5.png
399,pilot_sub001,1,16,0.1517340560003504,0.05,carchair_exp_feedback/bedTable_22_5.png
400,pilot_sub001,1,16,0.20954998500019428,0.05,carchair_exp_feedback/bedTable_28_5.png
401,pilot_sub001,1,16,0.26720990399917355,0.05,carchair_exp_feedback/bedTable_34_5.png
402,pilot_sub001,1,16,0.32511046400031773,0.05,carchair_exp_feedback/bedTable_40_5.png
403,pilot_sub001,1,16,0.35612629699971876,0.05,carchair_exp_feedback/bedTable_46_5.png
404,pilot_sub001,1,16,0.4165559390003182,0.05,carchair_exp_feedback/bedTable_52_5.png
405,pilot_sub001,1,16,0.4749318009999115,0.05,carchair_exp_feedback/bedTable_58_5.png
406,pilot_sub001,1,16,0.5092362300001696,0.05,carchair_exp_feedback/bedTable_53_5.png
407,pilot_sub001,1,16,0.567876252998758,0.05,carchair_exp_feedback/bedTable_47_5.png
408,pilot_sub001,1,16,0.6005724440001359,0.05,carchair_exp_feedback/bedTable_41_5.png
409,pilot_sub001,1,16,0.6595544559986593,0.05,carchair_exp_feedback/bedTable_36_5.png
410,pilot_sub001,1,16,0.7186375759993098,0.05,carchair_exp_feedback/bedTable_30_5.png
411,pilot_sub001,1,16,0.7508379319988308,0.05,carchair_exp_feedback/bedTable_25_5.png
412,pilot_sub001,1,16,0.8100393040003837,0.05,carchair_exp_feedback/bedTable_19_5.png
413,pilot_sub001,1,16,0.867950636000387,0.05,carchair_exp_feedback/bedTable_13_5.png
414,pilot_sub001,1,16,0.9274609940002847,0.05,carchair_exp_feedback/bedTable_7_5.png
415,pilot_sub001,1,16,0.9591435169986653,0.05,carchair_exp_feedback/bedTable_1_5.png
416,pilot_sub001,1,16,1.0168937069993262,0.05,carchair_exp_feedback/benchBed_95_5.png
417,pilot_sub001,1,16,1.0751082360002329,0.05,carchair_exp_feedback/benchBed_89_5.png
418,pilot_sub001,1,16,1.1080969829999958,0.05,carchair_exp_feedback/benchBed_84_5.png
419,pilot_sub001,1,16,1.1661564059995726,0.05,carchair_exp_feedback/benchBed_78_5.png
420,pilot_sub001,1,16,1.2237011139986862,0.05,carchair_exp_feedback/benchBed_72_5.png
421,pilot_sub001,1,16,1.2553159269991738,0.05,carchair_exp_feedback/benchBed_66_5.png
422,pilot_sub001,1,16,1.3131075139990571,0.05,carchair_exp_feedback/benchBed_60_5.png
423,pilot_sub001,1,16,1.3703120310001395,0.05,carchair_exp_feedback/benchBed_54_5.png
424,pilot_sub001,1,16,1.4018513099999836,0.05,carchair_exp_feedback/benchBed_48_5.png
425,pilot_sub001,1,16,1.4593416110001272,0.05,carchair_exp_feedback/benchBed_42_5.png
426,pilot_sub001,1,16,1.517182937999678,0.05,carchair_exp_feedback/benchBed_47_5.png
427,pilot_sub001,1,16,1.550358423999569,0.05,carchair_exp_feedback/benchBed_53_5.png
428,pilot_sub001,1,16,1.608118995998666,0.05,carchair_exp_feedback/benchBed_59_5.png
429,pilot_sub001,1,16,1.6660845400001563,0.05,carchair_exp_feedback/benchBed_64_5.png
430,pilot_sub001,1,16,1.7235640090002562,0.05,carchair_exp_feedback/benchBed_70_5.png
431,pilot_sub001,1,16,1.7548209109991149,0.05,carchair_exp_feedback/benchBed_75_5.png
432,pilot_sub001,1,16,1.8124652360002074,0.05,carchair_exp_feedback/benchBed_81_5.png
433,pilot_sub001,1,16,1.871119010998882,0.05,carchair_exp_feedback/benchBed_87_5.png
434,pilot_sub001,1,16,1.9029005379998125,0.05,carchair_exp_feedback/benchBed_93_5.png
435,pilot_sub001,1,16,1.960663279000073,0.05,carchair_exp_feedback/benchBed_99_5.png
436,pilot_sub001,1,17,5.69300027564168e-06,0.05,carchair_exp_feedback/bedTable_2_5.png
437,pilot_sub001,1,17,0.06187056199996732,0.05,carchair_exp_feedback/bedTable_3_5.png
438,pilot_sub001,1,17,0.10382427800141159,0.05,carchair_exp_feedback/bedTable_4_5.png
439,pilot_sub001,1,17,0.173529330000747,0.05,carchair_exp_feedback/bedTable_6_5.png
440,pilot_sub001,1,17,0.208498291000069,0.05,carchair_exp_feedback/bedTable_7_5.png
441,pilot_sub001,1,17,0.27272536500095157,0.05,carchair_exp_feedback/bedTable_8_5.png
442,pilot_sub001,1,17,0.30726232600136427,0.05,carchair_exp_feedback/bedTable_9_5.png
443,pilot_sub001,1,17,0.3709257760001492,0.05,carchair_exp_feedback/bedTable_11_5.png
444,pilot_sub001,1,17,0.40559450600085256,0.05,carchair_exp_feedback/bedTable_12_5.png
445,pilot_sub001,1,17,0.4696048480000172,0.05,carchair_exp_feedback/bedTable_13_5.png
446,pilot_sub001,1,17,0.5050265930003661,0.05,carchair_exp_feedback/bedTable_12_5.png
447,pilot_sub001,1,17,0.5692681090004044,0.05,carchair_exp_feedback/bedTable_11_5.png
448,pilot_sub001,1,17,0.6053574380002829,0.05,carchair_exp_feedback/bedTable_10_5.png
449,pilot_sub001,1,17,0.6756584350005141,0.05,carchair_exp_feedback/bedTable_8_5.png
450,pilot_sub001,1,17,0.7167545640004391,0.05,carchair_exp_feedback/bedTable_7_5.png
451,pilot_sub001,1,17,0.7568893380012014,0.05,carchair_exp_feedback/bedTable_6_5.png
452,pilot_sub001,1,17,0.826023208001061,0.05,carchair_exp_feedback/bedTable_5_5.png
453,pilot_sub001,1,17,0.8703320500007976,0.05,carchair_exp_feedback/bedTable_4_5.png
454,pilot_sub001,1,17,0.9132265930002177,0.05,carchair_exp_feedback/bedTable_2_5.png
455,pilot_sub001,1,17,0.9589413250014331,0.05,carchair_exp_feedback/bedTable_1_5.png
456,pilot_sub001,1,17,1.000851615001011,0.05,carchair_exp_feedback/benchBed_98_5.png
457,pilot_sub001,1,17,1.0688010640005814,0.05,carchair_exp_feedback/benchBed_97_5.png
458,pilot_sub001,1,17,1.1050965810009075,0.05,carchair_exp_feedback/benchBed_96_5.png
459,pilot_sub001,1,17,1.1698285740003485,0.05,carchair_exp_feedback/benchBed_94_5.png
460,pilot_sub001,1,17,1.2055028030008543,0.05,carchair_exp_feedback/benchBed_93_5.png
461,pilot_sub001,1,17,1.2701734020010917,0.05,carchair_exp_feedback/benchBed_92_5.png
462,pilot_sub001,1,17,1.3056603630011523,0.05,carchair_exp_feedback/benchBed_91_5.png
463,pilot_sub001,1,17,1.3718681250011286,0.05,carchair_exp_feedback/benchBed_89_5.png
464,pilot_sub001,1,17,1.4069540380005492,0.05,carchair_exp_feedback/benchBed_88_5.png
465,pilot_sub001,1,17,1.475721954000619,0.05,carchair_exp_feedback/benchBed_87_5.png
466,pilot_sub001,1,17,1.5225851619998139,0.05,carchair_exp_feedback/benchBed_88_5.png
467,pilot_sub001,1,17,1.562522614000045,0.05,carchair_exp_feedback/benchBed_89_5.png
468,pilot_sub001,1,17,1.6062499079998815,0.05,carchair_exp_feedback/benchBed_90_5.png
469,pilot_sub001,1,17,1.6808190709998598,0.05,carchair_exp_feedback/benchBed_92_5.png
470,pilot_sub001,1,17,1.7224816770012694,0.05,carchair_exp_feedback/benchBed_93_5.png
471,pilot_sub001,1,17,1.764326862001326,0.05,carchair_exp_feedback/benchBed_94_5.png
472,pilot_sub001,1,17,1.8070506140011275,0.05,carchair_exp_feedback/benchBed_95_5.png
473,pilot_sub001,1,17,1.85506190399974,0.05,carchair_exp_feedback/benchBed_96_5.png
474,pilot_sub001,1,17,1.925933360000272,0.05,carchair_exp_feedback/benchBed_98_5.png
475,pilot_sub001,1,18,5.679001333191991e-06,0.05,carchair_exp_feedback/bedTable_4_5.png
476,pilot_sub001,1,18,0.06658536100076162,0.05,carchair_exp_feedback/bedTable_9_5.png
477,pilot_sub001,1,18,0.1045734529998299,0.05,carchair_exp_feedback/bedTable_13_5.png
478,pilot_sub001,1,18,0.17106477100060147,0.05,carchair_exp_feedback/bedTable_18_5.png
479,pilot_sub001,1,18,0.20844616800059157,0.05,carchair_exp_feedback/bedTable_23_5.png
480,pilot_sub001,1,18,0.2871185640015028,0.05,carchair_exp_feedback/bedTable_27_5.png
481,pilot_sub001,1,18,0.3276027090014395,0.05,carchair_exp_feedback/bedTable_32_5.png
482,pilot_sub001,1,18,0.36485287200048333,0.05,carchair_exp_feedback/bedTable_37_5.png
483,pilot_sub001,1,18,0.40224475100148993,0.05,carchair_exp_feedback/bedTable_41_5.png
484,pilot_sub001,1,18,0.4706285440006468,0.05,carchair_exp_feedback/bedTable_46_5.png
485,pilot_sub001,1,18,0.5081661720014381,0.05,carchair_exp_feedback/bedTable_42_5.png
486,pilot_sub001,1,18,0.5745509970001876,0.05,carchair_exp_feedback/bedTable_38_5.png
487,pilot_sub001,1,18,0.6104028469999321,0.05,carchair_exp_feedback/bedTable_33_5.png
488,pilot_sub001,1,18,0.6780510919998051,0.05,carchair_exp_feedback/bedTable_28_5.png
489,pilot_sub001,1,18,0.7160895930010156,0.05,carchair_exp_feedback/bedTable_24_5.png
490,pilot_sub001,1,18,0.7556792780014803,0.05,carchair_exp_feedback/bedTable_20_5.png
491,pilot_sub001,1,18,0.8331297130007442,0.05,carchair_exp_feedback/bedTable_15_5.png
492,pilot_sub001,1,18,0.8773390149999614,0.05,carchair_exp_feedback/bedTable_10_5.png
493,pilot_sub001,1,18,0.9176011320014368,0.05,carchair_exp_feedback/bedTable_6_5.png
494,pilot_sub001,1,18,0.9546640160006064,0.05,carchair_exp_feedback/bedTable_1_5.png
495,pilot_sub001,1,18,1.0219817260003765,0.05,carchair_exp_feedback/benchBed_96_5.png
496,pilot_sub001,1,18,1.0605739630009339,0.05,carchair_exp_feedback/benchBed_91_5.png
497,pilot_sub001,1,18,1.1292120940015593,0.05,carchair_exp_feedback/benchBed_87_5.png
498,pilot_sub001,1,18,1.166876418999891,0.05,carchair_exp_feedback/benchBed_82_5.png
499,pilot_sub001,1,18,1.2026281490016117,0.05,carchair_exp_feedback/benchBed_77_5.png
500,pilot_sub001,1,18,1.268624329000886,0.05,carchair_exp_feedback/benchBed_73_5.png
501,pilot_sub001,1,18,1.3034266650010977,0.05,carchair_exp_feedback/benchBed_68_5.png
502,pilot_sub001,1,18,1.3681347430010646,0.05,carchair_exp_feedback/benchBed_63_5.png
503,pilot_sub001,1,18,1.4035635340005683,0.05,carchair_exp_feedback/benchBed_59_5.png
504,pilot_sub001,1,18,1.4683859030010353,0.05,carchair_exp_feedback/benchBed_54_5.png
505,pilot_sub001,1,18,1.5042678870013333,0.05,carchair_exp_feedback/benchBed_58_5.png
506,pilot_sub001,1,18,1.5700037110000267,0.05,carchair_exp_feedback/benchBed_62_5.png
507,pilot_sub001,1,18,1.605249737000122,0.05,carchair_exp_feedback/benchBed_67_5.png
508,pilot_sub001,1,18,1.6697441630003595,0.05,carchair_exp_feedback/benchBed_72_5.png
509,pilot_sub001,1,18,1.708310927000639,0.05,carchair_exp_feedback/benchBed_76_5.png
510,pilot_sub001,1,18,1.7729244870006369,0.05,carchair_exp_feedback/benchBed_80_5.png
511,pilot_sub001,1,18,1.8078492559998267,0.05,carchair_exp_feedback/benchBed_85_5.png
512,pilot_sub001,1,18,1.8718260720015678,0.05,carchair_exp_feedback/benchBed_90_5.png
513,pilot_sub001,1,18,1.9074834460006969,0.05,carchair_exp_feedback/benchBed_94_5.png
514,pilot_sub001,1,19,5.619000148726627e-06,0.05,carchair_exp_feedback/bedTable_2_5.png
515,pilot_sub001,1,19,0.06852878800054896,0.05,carchair_exp_feedback/bedTable_5_5.png
516,pilot_sub001,1,19,0.10814927000137686,0.05,carchair_exp_feedback/bedTable_7_5.png
517,pilot_sub001,1,19,0.17772538999997778,0.05,carchair_exp_feedback/bedTable_9_5.png
518,pilot_sub001,1,19,0.21881813800064265,0.05,carchair_exp_feedback/bedTable_11_5.png
519,pilot_sub001,1,19,0.2571143490004033,0.05,carchair_exp_feedback/bedTable_13_5.png
520,pilot_sub001,1,19,0.331619024000247,0.05,carchair_exp_feedback/bedTable_16_5.png
521,pilot_sub001,1,19,0.37292908700146654,0.05,carchair_exp_feedback/bedTable_18_5.png
522,pilot_sub001,1,19,0.4141672630012181,0.05,carchair_exp_feedback/bedTable_20_5.png
523,pilot_sub001,1,19,0.4535769700014498,0.05,carchair_exp_feedback/bedTable_22_5.png
524,pilot_sub001,1,19,0.5257447790008882,0.05,carchair_exp_feedback/bedTable_20_5.png
525,pilot_sub001,1,19,0.5689104130015039,0.05,carchair_exp_feedback/bedTable_18_5.png
526,pilot_sub001,1,19,0.6081456120009534,0.05,carchair_exp_feedback/bedTable_16_5.png
527,pilot_sub001,1,19,0.6796711990009499,0.05,carchair_exp_feedback/bedTable_14_5.png
528,pilot_sub001,1,19,0.7192354810013057,0.05,carchair_exp_feedback/bedTable_12_5.png
529,pilot_sub001,1,19,0.7591269710010238,0.05,carchair_exp_feedback/bedTable_10_5.png
530,pilot_sub001,1,19,0.8308651530005591,0.05,carchair_exp_feedback/bedTable_8_5.png
531,pilot_sub001,1,19,0.8714037310001004,0.05,carchair_exp_feedback/bedTable_5_5.png
532,pilot_sub001,1,19,0.9109143660007248,0.05,carchair_exp_feedback/bedTable_3_5.png
533,pilot_sub001,1,19,0.952446064000469,0.05,carchair_exp_feedback/bedTable_1_5.png
534,pilot_sub001,1,19,1.024375171000429,0.05,carchair_exp_feedback/benchBed_98_5.png
535,pilot_sub001,1,19,1.0633065560014074,0.05,carchair_exp_feedback/benchBed_95_5.png
536,pilot_sub001,1,19,1.1028214930011018,0.05,carchair_exp_feedback/benchBed_93_5.png
537,pilot_sub001,1,19,1.1765910070007521,0.05,carchair_exp_feedback/benchBed_91_5.png
538,pilot_sub001,1,19,1.218785459001083,0.05,carchair_exp_feedback/benchBed_89_5.png
539,pilot_sub001,1,19,1.2581206560007558,0.05,carchair_exp_feedback/benchBed_87_5.png
540,pilot_sub001,1,19,1.3274228910013335,0.05,carchair_exp_feedback/benchBed_84_5.png
541,pilot_sub001,1,19,1.368612860000212,0.05,carchair_exp_feedback/benchBed_82_5.png
542,pilot_sub001,1,19,1.4086351130008552,0.05,carchair_exp_feedback/benchBed_80_5.png
543,pilot_sub001,1,19,1.452661439001531,0.05,carchair_exp_feedback/benchBed_78_5.png
544,pilot_sub001,1,19,1.525383899001099,0.05,carchair_exp_feedback/benchBed_80_5.png
545,pilot_sub001,1,19,1.569069858000148,0.05,carchair_exp_feedback/benchBed_82_5.png
546,pilot_sub001,1,19,1.6074810210011492,0.05,carchair_exp_feedback/benchBed_84_5.png
547,pilot_sub001,1,19,1.677386507000847,0.05,carchair_exp_feedback/benchBed_86_5.png
548,pilot_sub001,1,19,1.7195450420003908,0.05,carchair_exp_feedback/benchBed_88_5.png
549,pilot_sub001,1,19,1.7572842450008466,0.05,carchair_exp_feedback/benchBed_90_5.png
550,pilot_sub001,1,19,1.826099851001345,0.05,carchair_exp_feedback/benchBed_92_5.png
551,pilot_sub001,1,19,1.8690120490009576,0.05,carchair_exp_feedback/benchBed_95_5.png
552,pilot_sub001,1,19,1.9093935910004802,0.05,carchair_exp_feedback/benchBed_97_5.png
553,pilot_sub001,1,19,1.9532084700003907,0.05,carchair_exp_feedback/benchBed_99_5.png
554,pilot_sub001,1,20,5.538999175769277e-06,0.05,carchair_exp_feedback/bedTable_4_5.png
555,pilot_sub001,1,20,0.07331216700004006,0.05,carchair_exp_feedback/bedTable_9_5.png
556,pilot_sub001,1,20,0.11401965099867084,0.05,carchair_exp_feedback/bedTable_13_5.png
557,pilot_sub001,1,20,0.15429364800002077,0.05,carchair_exp_feedback/bedTable_18_5.png
558,pilot_sub001,1,20,0.2286711609995109,0.05,carchair_exp_feedback/bedTable_23_5.png
559,pilot_sub001,1,20,0.26728061599897046,0.05,carchair_exp_feedback/bedTable_27_5.png
560,pilot_sub001,1,20,0.30646388300010585,0.05,carchair_exp_feedback/bedTable_32_5.png
561,pilot_sub001,1,20,0.3789480809991801,0.05,carchair_exp_feedback/bedTable_37_5.png
562,pilot_sub001,1,20,0.4175215790000948,0.05,carchair_exp_feedback/bedTable_41_5.png
563,pilot_sub001,1,20,0.45655759500004933,0.05,carchair_exp_feedback/bedTable_46_5.png
564,pilot_sub001,1,20,0.5290110890000506,0.05,carchair_exp_feedback/bedTable_42_5.png
565,pilot_sub001,1,20,0.5680781249993743,0.05,carchair_exp_feedback/bedTable_38_5.png
566,pilot_sub001,1,20,0.6072293259985599,0.05,carchair_exp_feedback/bedTable_33_5.png
567,pilot_sub001,1,20,0.6790427649993944,0.05,carchair_exp_feedback/bedTable_28_5.png
568,pilot_sub001,1,20,0.7178997909995815,0.05,carchair_exp_feedback/bedTable_24_5.png
569,pilot_sub001,1,20,0.7568601769999077,0.05,carchair_exp_feedback/bedTable_20_5.png
570,pilot_sub001,1,20,0.8284152420001192,0.05,carchair_exp_feedback/bedTable_15_5.png
571,pilot_sub001,1,20,0.8677697359999001,0.05,carchair_exp_feedback/bedTable_10_5.png
572,pilot_sub001,1,20,0.9064359299991338,0.05,carchair_exp_feedback/bedTable_6_5.png
573,pilot_sub001,1,20,0.9804021250001824,0.05,carchair_exp_feedback/bedTable_1_5.png
574,pilot_sub001,1,20,1.0195036579989392,0.05,carchair_exp_feedback/benchBed_96_5.png
575,pilot_sub001,1,20,1.0583871709986852,0.05,carchair_exp_feedback/benchBed_91_5.png
576,pilot_sub001,1,20,1.1310542699993675,0.05,carchair_exp_feedback/benchBed_87_5.png
577,pilot_sub001,1,20,1.1714862159988115,0.05,carchair_exp_feedback/benchBed_82_5.png
578,pilot_sub001,1,20,1.210297397999966,0.05,carchair_exp_feedback/benchBed_77_5.png
579,pilot_sub001,1,20,1.2822539169992524,0.05,carchair_exp_feedback/benchBed_73_5.png
580,pilot_sub001,1,20,1.3206554309999774,0.05,carchair_exp_feedback/benchBed_68_5.png
581,pilot_sub001,1,20,1.3596585919985955,0.05,carchair_exp_feedback/benchBed_63_5.png
582,pilot_sub001,1,20,1.432110631998512,0.05,carchair_exp_feedback/benchBed_59_5.png
583,pilot_sub001,1,20,1.4708314169984078,0.05,carchair_exp_feedback/benchBed_54_5.png
584,pilot_sub001,1,20,1.5090939029996662,0.05,carchair_exp_feedback/benchBed_58_5.png
585,pilot_sub001,1,20,1.5813353049998113,0.05,carchair_exp_feedback/benchBed_62_5.png
586,pilot_sub001,1,20,1.620623799999521,0.05,carchair_exp_feedback/benchBed_67_5.png
587,pilot_sub001,1,20,1.6591896889985946,0.05,carchair_exp_feedback/benchBed_72_5.png
588,pilot_sub001,1,20,1.731886270999894,0.05,carchair_exp_feedback/benchBed_76_5.png
589,pilot_sub001,1,20,1.7705238179987646,0.05,carchair_exp_feedback/benchBed_80_5.png
590,pilot_sub001,1,20,1.8096212479995302,0.05,carchair_exp_feedback/benchBed_85_5.png
591,pilot_sub001,1,20,1.8816037549986504,0.05,carchair_exp_feedback/benchBed_90_5.png
592,pilot_sub001,1,20,1.9205864349987678,0.05,carchair_exp_feedback/benchBed_94_5.png
593,pilot_sub001,1,20,1.9580261329992936,0.05,carchair_exp_feedback/benchBed_99_5.png
594,pilot_sub001,1,23,5.965001037111506e-06,0.05,carchair_exp_feedback/bedTable_3_5.png
595,pilot_sub001,1,23,0.07066199600012624,0.05,carchair_exp_feedback/bedTable_7_5.png
596,pilot_sub001,1,23,0.10912974399980158,0.05,carchair_exp_feedback/bedTable_10_5.png
597,pilot_sub001,1,23,0.15033308400052192,0.05,carchair_exp_feedback/bedTable_13_5.png
598,pilot_sub001,1,23,0.22774292299982335,0.05,carchair_exp_feedback/bedTable_17_5.png
599,pilot_sub001,1,23,0.27247086300121737,0.05,carchair_exp_feedback/bedTable_20_5.png
600,pilot_sub001,1,23,0.31236757000078796,0.05,carchair_exp_feedback/bedTable_24_5.png
601,pilot_sub001,1,23,0.35681116500018106,0.05,carchair_exp_feedback/bedTable_27_5.png
602,pilot_sub001,1,23,0.4294044110010873,0.05,carchair_exp_feedback/bedTable_31_5.png
603,pilot_sub001,1,23,0.4726788799998758,0.05,carchair_exp_feedback/bedTable_34_5.png
604,pilot_sub001,1,23,0.5225813859997288,0.05,carchair_exp_feedback/bedTable_31_5.png
605,pilot_sub001,1,23,0.5622311670013005,0.05,carchair_exp_feedback/bedTable_28_5.png
606,pilot_sub001,1,23,0.6030646730014269,0.05,carchair_exp_feedback/bedTable_24_5.png
607,pilot_sub001,1,23,0.6730825630002073,0.05,carchair_exp_feedback/bedTable_21_5.png
608,pilot_sub001,1,23,0.7122066150004684,0.05,carchair_exp_feedback/bedTable_18_5.png
609,pilot_sub001,1,23,0.7561397999998007,0.05,carchair_exp_feedback/bedTable_15_5.png
610,pilot_sub001,1,23,0.8071145579997392,0.05,carchair_exp_feedback/bedTable_11_5.png
611,pilot_sub001,1,23,0.8847144540013687,0.05,carchair_exp_feedback/bedTable_8_5.png
612,pilot_sub001,1,23,0.9272060160001274,0.05,carchair_exp_feedback/bedTable_4_5.png
613,pilot_sub001,1,23,0.9695045720000053,0.05,carchair_exp_feedback/bedTable_1_5.png
614,pilot_sub001,1,23,1.012224813001012,0.05,carchair_exp_feedback/benchBed_97_5.png
615,pilot_sub001,1,23,1.0569959840013325,0.05,carchair_exp_feedback/benchBed_93_5.png
616,pilot_sub001,1,23,1.100029514000198,0.05,carchair_exp_feedback/benchBed_90_5.png
617,pilot_sub001,1,23,1.177606185001423,0.05,carchair_exp_feedback/benchBed_87_5.png
618,pilot_sub001,1,23,1.224171395000667,0.05,carchair_exp_feedback/benchBed_83_5.png
619,pilot_sub001,1,23,1.2629793579999387,0.05,carchair_exp_feedback/benchBed_80_5.png
620,pilot_sub001,1,23,1.3020542770009342,0.05,carchair_exp_feedback/benchBed_76_5.png
621,pilot_sub001,1,23,1.3716193140007817,0.05,carchair_exp_feedback/benchBed_73_5.png
622,pilot_sub001,1,23,1.4094738780004263,0.05,carchair_exp_feedback/benchBed_69_5.png
623,pilot_sub001,1,23,1.478735732000132,0.05,carchair_exp_feedback/benchBed_66_5.png
624,pilot_sub001,1,23,1.5176481580001564,0.05,carchair_exp_feedback/benchBed_69_5.png
625,pilot_sub001,1,23,1.5564151079997828,0.05,carchair_exp_feedback/benchBed_72_5.png
626,pilot_sub001,1,23,1.6260085850008181,0.05,carchair_exp_feedback/benchBed_76_5.png
627,pilot_sub001,1,23,1.6647349260001647,0.05,carchair_exp_feedback/benchBed_79_5.png
628,pilot_sub001,1,23,1.7076384700012568,0.05,carchair_exp_feedback/benchBed_82_5.png
629,pilot_sub001,1,23,1.7769105500010483,0.05,carchair_exp_feedback/benchBed_85_5.png
630,pilot_sub001,1,23,1.8229816170005506,0.05,carchair_exp_feedback/benchBed_89_5.png
631,pilot_sub001,1,23,1.8732012070013297,0.05,carchair_exp_feedback/benchBed_92_5.png
632,pilot_sub001,1,23,1.9120955910002522,0.05,carchair_exp_feedback/benchBed_96_5.png
633,pilot_sub001,1,23,1.9573403450012847,0.05,carchair_exp_feedback/benchBed_99_5.png
634,pilot_sub001,1,24,1.0710999049479142e-05,0.05,carchair_exp_feedback/bedTable_3_5.png
635,pilot_sub001,1,24,0.08206795399928524,0.05,carchair_exp_feedback/bedTable_6_5.png
636,pilot_sub001,1,24,0.12286351399961859,0.05,carchair_exp_feedback/bedTable_9_5.png
637,pilot_sub001,1,24,0.1625656229989545,0.05,carchair_exp_feedback/bedTable_12_5.png
638,pilot_sub001,1,24,0.20280693099994096,0.05,carchair_exp_feedback/bedTable_15_5.png
639,pilot_sub001,1,24,0.2743839989998378,0.05,carchair_exp_feedback/bedTable_19_5.png
640,pilot_sub001,1,24,0.3134383969991177,0.05,carchair_exp_feedback/bedTable_22_5.png
641,pilot_sub001,1,24,0.35308719299973745,0.05,carchair_exp_feedback/bedTable_25_5.png
642,pilot_sub001,1,24,0.42652272600025753,0.05,carchair_exp_feedback/bedTable_28_5.png
643,pilot_sub001,1,24,0.465074192999964,0.05,carchair_exp_feedback/bedTable_31_5.png
644,pilot_sub001,1,24,0.5042146369996772,0.05,carchair_exp_feedback/bedTable_29_5.png
645,pilot_sub001,1,24,0.5764377229988895,0.05,carchair_exp_feedback/bedTable_25_5.png
646,pilot_sub001,1,24,0.6154149079993658,0.05,carchair_exp_feedback/bedTable_22_5.png
647,pilot_sub001,1,24,0.6539780589992006,0.05,carchair_exp_feedback/bedTable_19_5.png
648,pilot_sub001,1,24,0.7248430469990126,0.05,carchair_exp_feedback/bedTable_16_5.png
649,pilot_sub001,1,24,0.7631216739991942,0.05,carchair_exp_feedback/bedTable_14_5.png
650,pilot_sub001,1,24,0.8019463529999484,0.05,carchair_exp_feedback/bedTable_10_5.png
651,pilot_sub001,1,24,0.8770041240004502,0.05,carchair_exp_feedback/bedTable_7_5.png
652,pilot_sub001,1,24,0.9166231759991206,0.05,carchair_exp_feedback/bedTable_4_5.png
653,pilot_sub001,1,24,0.957354119998854,0.05,carchair_exp_feedback/bedTable_1_5.png
654,pilot_sub001,1,24,1.0319823390000238,0.05,carchair_exp_feedback/benchBed_97_5.png
655,pilot_sub001,1,24,1.0712295989997074,0.05,carchair_exp_feedback/benchBed_94_5.png
656,pilot_sub001,1,24,1.1111889320000046,0.05,carchair_exp_feedback/benchBed_91_5.png
657,pilot_sub001,1,24,1.1509603909998987,0.05,carchair_exp_feedback/benchBed_88_5.png
658,pilot_sub001,1,24,1.2282804400001623,0.05,carchair_exp_feedback/benchBed_85_5.png
659,pilot_sub001,1,24,1.2683430349989067,0.05,carchair_exp_feedback/benchBed_81_5.png
660,pilot_sub001,1,24,1.3077657590001763,0.05,carchair_exp_feedback/benchBed_78_5.png
661,pilot_sub001,1,24,1.3813043769987416,0.05,carchair_exp_feedback/benchBed_75_5.png
662,pilot_sub001,1,24,1.4200302689987438,0.05,carchair_exp_feedback/benchBed_72_5.png
663,pilot_sub001,1,24,1.460469051000473,0.05,carchair_exp_feedback/benchBed_69_5.png
664,pilot_sub001,1,24,1.5015299539991247,0.05,carchair_exp_feedback/benchBed_71_5.png
665,pilot_sub001,1,24,1.574899410999933,0.05,carchair_exp_feedback/benchBed_75_5.png
666,pilot_sub001,1,24,1.6149277829990751,0.05,carchair_exp_feedback/benchBed_78_5.png
667,pilot_sub001,1,24,1.653313476999756,0.05,carchair_exp_feedback/benchBed_81_5.png
668,pilot_sub001,1,24,1.7247031560000323,0.05,carchair_exp_feedback/benchBed_84_5.png
669,pilot_sub001,1,24,1.7628534949999448,0.05,carchair_exp_feedback/benchBed_86_5.png
670,pilot_sub001,1,24,1.8015240559998347,0.05,carchair_exp_feedback/benchBed_90_5.png
671,pilot_sub001,1,24,1.8722950589999527,0.05,carchair_exp_feedback/benchBed_93_5.png
672,pilot_sub001,1,24,1.9105362959999184,0.05,carchair_exp_feedback/benchBed_96_5.png
673,pilot_sub001,1,25,5.53800055058673e-06,0.05,carchair_exp_feedback/bedTable_1_5.png
674,pilot_sub001,1,25,0.07461378300104116,0.05,carchair_exp_feedback/bedTable_2_5.png
675,pilot_sub001,1,25,0.11515580600098474,0.05,carchair_exp_feedback/bedTable_2_5.png
676,pilot_sub001,1,25,0.15506488700157206,0.05,carchair_exp_feedback/bedTable_2_5.png
677,pilot_sub001,1,25,0.23182354500022484,0.05,carchair_exp_feedback/bedTable_2_5.png
678,pilot_sub001,1,25,0.273727339999823,0.05,carchair_exp_feedback/bedTable_3_5.png
679,pilot_sub001,1,25,0.3162750470000901,0.05,carchair_exp_feedback/bedTable_3_5.png
680,pilot_sub001,1,25,0.35712303800028167,0.05,carchair_exp_feedback/bedTable_3_5.png
681,pilot_sub001,1,25,0.4326732790013921,0.05,carchair_exp_feedback/bedTable_4_5.png
682,pilot_sub001,1,25,0.47349101200052246,0.05,carchair_exp_feedback/bedTable_4_5.png
683,pilot_sub001,1,25,0.515268928000296,0.05,carchair_exp_feedback/bedTable_4_5.png
684,pilot_sub001,1,25,0.5579600210003264,0.05,carchair_exp_feedback/bedTable_4_5.png
685,pilot_sub001,1,25,0.636759939001422,0.05,carchair_exp_feedback/bedTable_3_5.png
686,pilot_sub001,1,25,0.6772128950015031,0.05,carchair_exp_feedback/bedTable_3_5.png
687,pilot_sub001,1,25,0.7175929200002429,0.05,carchair_exp_feedback/bedTable_3_5.png
688,pilot_sub001,1,25,0.757637942000656,0.05,carchair_exp_feedback/bedTable_2_5.png
689,pilot_sub001,1,25,0.8335298290003266,0.05,carchair_exp_feedback/bedTable_2_5.png
690,pilot_sub001,1,25,0.8739044230005675,0.05,carchair_exp_feedback/bedTable_2_5.png
691,pilot_sub001,1,25,0.9147660930011625,0.05,carchair_exp_feedback/bedTable_1_5.png
692,pilot_sub001,1,25,0.9555499080015579,0.05,carchair_exp_feedback/bedTable_1_5.png
693,pilot_sub001,1,25,1.031052461001309,0.05,carchair_exp_feedback/benchBed_99_5.png
694,pilot_sub001,1,25,1.0731345100011822,0.05,carchair_exp_feedback/benchBed_98_5.png
695,pilot_sub001,1,25,1.1151760460015794,0.05,carchair_exp_feedback/benchBed_98_5.png
696,pilot_sub001,1,25,1.1556395900006464,0.05,carchair_exp_feedback/benchBed_98_5.png
697,pilot_sub001,1,25,1.2312647770013427,0.05,carchair_exp_feedback/benchBed_98_5.png
698,pilot_sub001,1,25,1.2723887600004673,0.05,carchair_exp_feedback/benchBed_97_5.png
699,pilot_sub001,1,25,1.3131902320001245,0.05,carchair_exp_feedback/benchBed_97_5.png
700,pilot_sub001,1,25,1.3542049220013723,0.05,carchair_exp_feedback/benchBed_97_5.png
701,pilot_sub001,1,25,1.429411445000369,0.05,carchair_exp_feedback/benchBed_96_5.png
702,pilot_sub001,1,25,1.4697430100004567,0.05,carchair_exp_feedback/benchBed_96_5.png
703,pilot_sub001,1,25,1.5094548510005552,0.05,carchair_exp_feedback/benchBed_96_5.png
704,pilot_sub001,1,25,1.5849190019998787,0.05,carchair_exp_feedback/benchBed_96_5.png
705,pilot_sub001,1,25,1.6265959690008458,0.05,carchair_exp_feedback/benchBed_97_5.png
706,pilot_sub001,1,25,1.6670672410000407,0.05,carchair_exp_feedback/benchBed_97_5.png
707,pilot_sub001,1,25,1.7075166760005231,0.05,carchair_exp_feedback/benchBed_97_5.png
708,pilot_sub001,1,25,1.7845266430012998,0.05,carchair_exp_feedback/benchBed_98_5.png
709,pilot_sub001,1,25,1.8254801180009963,0.05,carchair_exp_feedback/benchBed_98_5.png
710,pilot_sub001,1,25,1.8659665480008698,0.05,carchair_exp_feedback/benchBed_98_5.png
711,pilot_sub001,1,25,1.906395923000673,0.05,carchair_exp_feedback/benchBed_99_5.png
712,pilot_sub001,1,26,5.710999175789766e-06,0.05,carchair_exp_feedback/bedTable_1_5.png
713,pilot_sub001,1,26,0.07437905599908845,0.05,carchair_exp_feedback/bedTable_2_5.png
714,pilot_sub001,1,26,0.11519928999950935,0.05,carchair_exp_feedback/bedTable_2_5.png
715,pilot_sub001,1,26,0.15546556399931433,0.05,carchair_exp_feedback/bedTable_2_5.png
716,pilot_sub001,1,26,0.23049539000021468,0.05,carchair_exp_feedback/bedTable_2_5.png
717,pilot_sub001,1,26,0.2707786829996621,0.05,carchair_exp_feedback/bedTable_3_5.png
718,pilot_sub001,1,26,0.311078438999175,0.05,carchair_exp_feedback/bedTable_3_5.png
719,pilot_sub001,1,26,0.35079087899976,0.05,carchair_exp_feedback/bedTable_3_5.png
720,pilot_sub001,1,26,0.42592334800065146,0.05,carchair_exp_feedback/bedTable_4_5.png
721,pilot_sub001,1,26,0.4659820609995222,0.05,carchair_exp_feedback/bedTable_4_5.png
722,pilot_sub001,1,26,0.5064796490005392,0.05,carchair_exp_feedback/bedTable_4_5.png
723,pilot_sub001,1,26,0.5816598660003365,0.05,carchair_exp_feedback/bedTable_4_5.png
724,pilot_sub001,1,26,0.6224092199990992,0.05,carchair_exp_feedback/bedTable_3_5.png
725,pilot_sub001,1,26,0.6631847369990282,0.05,carchair_exp_feedback/bedTable_3_5.png
726,pilot_sub001,1,26,0.7048255289992085,0.05,carchair_exp_feedback/bedTable_3_5.png
727,pilot_sub001,1,26,0.7796723739993467,0.05,carchair_exp_feedback/bedTable_2_5.png
728,pilot_sub001,1,26,0.8214783189996524,0.05,carchair_exp_feedback/bedTable_2_5.png
729,pilot_sub001,1,26,0.8613757229995826,0.05,carchair_exp_feedback/bedTable_2_5.png
730,pilot_sub001,1,26,0.901461269999345,0.05,carchair_exp_feedback/bedTable_1_5.png
731,pilot_sub001,1,26,0.976586992999728,0.05,carchair_exp_feedback/bedTable_1_5.png
732,pilot_sub001,1,26,1.0169372969994583,0.05,carchair_exp_feedback/benchBed_99_5.png
733,pilot_sub001,1,26,1.0571732570006134,0.05,carchair_exp_feedback/benchBed_98_5.png
734,pilot_sub001,1,26,1.1326142260004417,0.05,carchair_exp_feedback/benchBed_98_5.png
735,pilot_sub001,1,26,1.1728565230005188,0.05,carchair_exp_feedback/benchBed_98_5.png
736,pilot_sub001,1,26,1.2126947369997652,0.05,carchair_exp_feedback/benchBed_98_5.png
737,pilot_sub001,1,26,1.2527134579995618,0.05,carchair_exp_feedback/benchBed_97_5.png
738,pilot_sub001,1,26,1.3278424050004105,0.05,carchair_exp_feedback/benchBed_97_5.png
739,pilot_sub001,1,26,1.3677510719990096,0.05,carchair_exp_feedback/benchBed_97_5.png
740,pilot_sub001,1,26,1.4083297960005439,0.05,carchair_exp_feedback/benchBed_96_5.png
741,pilot_sub001,1,26,1.4830110389993933,0.05,carchair_exp_feedback/benchBed_96_5.png
742,pilot_sub001,1,26,1.5236399109999184,0.05,carchair_exp_feedback/benchBed_96_5.png
743,pilot_sub001,1,26,1.563858748999337,0.05,carchair_exp_feedback/benchBed_96_5.png
744,pilot_sub001,1,26,1.6042882620004093,0.05,carchair_exp_feedback/benchBed_97_5.png
745,pilot_sub001,1,26,1.6804243980004685,0.05,carchair_exp_feedback/benchBed_97_5.png
746,pilot_sub001,1,26,1.721104550999371,0.05,carchair_exp_feedback/benchBed_97_5.png
747,pilot_sub001,1,26,1.7628712480000104,0.05,carchair_exp_feedback/benchBed_98_5.png
748,pilot_sub001,1,26,1.8044335009999486,0.05,carchair_exp_feedback/benchBed_98_5.png
749,pilot_sub001,1,26,1.8794140989994048,0.05,carchair_exp_feedback/benchBed_98_5.png
750,pilot_sub001,1,26,1.9199350380004034,0.05,carchair_exp_feedback/benchBed_99_5.png
751,pilot_sub001,1,26,1.9596313019992522,0.05,carchair_exp_feedback/benchBed_99_5.png
752,pilot_sub001,1,27,5.8820005506277084e-06,0.05,carchair_exp_feedback/bedTable_3_5.png
753,pilot_sub001,1,27,0.07513353300055314,0.05,carchair_exp_feedback/bedTable_6_5.png
754,pilot_sub001,1,27,0.11525199400057318,0.05,carchair_exp_feedback/bedTable_9_5.png
755,pilot_sub001,1,27,0.15649648400176375,0.05,carchair_exp_feedback/bedTable_12_5.png
756,pilot_sub001,1,27,0.23151062200122396,0.05,carchair_exp_feedback/bedTable_15_5.png
757,pilot_sub001,1,27,0.2724923450005008,0.05,carchair_exp_feedback/bedTable_19_5.png
758,pilot_sub001,1,27,0.31273454800066247,0.05,carchair_exp_feedback/bedTable_22_5.png
759,pilot_sub001,1,27,0.353231377001066,0.05,carchair_exp_feedback/bedTable_25_5.png
760,pilot_sub001,1,27,0.43002348200025153,0.05,carchair_exp_feedback/bedTable_28_5.png
761,pilot_sub001,1,27,0.4705152340011409,0.05,carchair_exp_feedback/bedTable_31_5.png
762,pilot_sub001,1,27,0.5105212410016975,0.05,carchair_exp_feedback/bedTable_29_5.png
763,pilot_sub001,1,27,0.5512406510006258,0.05,carchair_exp_feedback/bedTable_25_5.png
764,pilot_sub001,1,27,0.6259794710003916,0.05,carchair_exp_feedback/bedTable_22_5.png
765,pilot_sub001,1,27,0.6658319820016914,0.05,carchair_exp_feedback/bedTable_19_5.png
766,pilot_sub001,1,27,0.7083010570004262,0.05,carchair_exp_feedback/bedTable_16_5.png
767,pilot_sub001,1,27,0.7593089390011301,0.05,carchair_exp_feedback/bedTable_14_5.png
768,pilot_sub001,1,27,0.8101239970001188,0.05,carchair_exp_feedback/bedTable_10_5.png
769,pilot_sub001,1,27,0.862684651001473,0.05,carchair_exp_feedback/bedTable_7_5.png
770,pilot_sub001,1,27,0.91163789500024,0.05,carchair_exp_feedback/bedTable_4_5.png
771,pilot_sub001,1,27,0.9632178790016042,0.05,carchair_exp_feedback/bedTable_1_5.png
772,pilot_sub001,1,27,1.0135960950010485,0.05,carchair_exp_feedback/benchBed_97_5.png
773,pilot_sub001,1,27,1.0648106250009732,0.05,carchair_exp_feedback/benchBed_94_5.png
774,pilot_sub001,1,27,1.1159480920014175,0.05,carchair_exp_feedback/benchBed_91_5.png
775,pilot_sub001,1,27,1.1679089530007332,0.05,carchair_exp_feedback/benchBed_88_5.png
776,pilot_sub001,1,27,1.219283592001375,0.05,carchair_exp_feedback/benchBed_85_5.png
777,pilot_sub001,1,27,1.2702842440012319,0.05,carchair_exp_feedback/benchBed_81_5.png
778,pilot_sub001,1,27,1.3221112760002143,0.05,carchair_exp_feedback/benchBed_78_5.png
779,pilot_sub001,1,27,1.3671067450013652,0.05,carchair_exp_feedback/benchBed_75_5.png
780,pilot_sub001,1,27,1.4126159150000603,0.05,carchair_exp_feedback/benchBed_72_5.png
781,pilot_sub001,1,27,1.4580815260014788,0.05,carchair_exp_feedback/benchBed_69_5.png
782,pilot_sub001,1,27,1.5028430540005502,0.05,carchair_exp_feedback/benchBed_71_5.png
783,pilot_sub001,1,27,1.5865628750016185,0.05,carchair_exp_feedback/benchBed_75_5.png
784,pilot_sub001,1,27,1.6320598680013063,0.05,carchair_exp_feedback/benchBed_78_5.png
785,pilot_sub001,1,27,1.6766146600002685,0.05,carchair_exp_feedback/benchBed_81_5.png
786,pilot_sub001,1,27,1.7247607050012448,0.05,carchair_exp_feedback/benchBed_84_5.png
787,pilot_sub001,1,27,1.772514267000588,0.05,carchair_exp_feedback/benchBed_86_5.png
788,pilot_sub001,1,27,1.818863048001731,0.05,carchair_exp_feedback/benchBed_90_5.png
789,pilot_sub001,1,27,1.8626609580005606,0.05,carchair_exp_feedback/benchBed_93_5.png
790,pilot_sub001,1,27,1.9153189340013341,0.05,carchair_exp_feedback/benchBed_96_5.png
791,pilot_sub001,1,27,1.9640020440001535,0.05,carchair_exp_feedback/benchBed_99_5.png
